cl√© technique,cl√© technique,cl√© technique,Titre affich√© de la cat√©gorie dans la partie acheteur,Sous titre de la cat√©gorie dans la partie acheteur,Titre du champ dans la partie acheteur,Description du champs dans la partie acheteur,Le champs est il obligatoire,Titre affich√© de la cat√©gorie dans la partie candidat,Sous titre de la cat√©gorie dans la partie candidat,Titre du champ dans la partie candidat,Description du champs dans la partie candidat,Type du champs de formulaire. Les champs custom n√©cessites des d√©veloppements sp√©cifiques,,Le champs sera-t-il r√©cup√©r√© via api ? ,,Pour les march√©s de services,Pour les march√©s de fournitures,Pour les march√©s de travaux,Pour les march√©s de d√©fense,Est ce que ce champ est √† importer ? ,Nom de l'api,Link to catalogue,Information r√©cup√©r√©es par l'API
,,,,,,,,,,,,,,,,,,,,,,,
DEVELOPMENT (PAS TOUCHER),,,Acheteur,,,,,Candidat,,,,Param√©trage,,,,Type de march√©,,,,a prendre en compte,API technique,,Informations r√©cup√©r√©es par l'API
category_key,subcategory_key,key,category_acheteur,subcategory_acheteur,titre_acheteur,description_acheteur,obligatoire,category_candidat,subcategory_candidat,titre_candidat,description_candidat,type,type_api,apifiable,apifie,services,fournitures,travaux,d√©fense,import,API en question ,Lien vers le catalogue pour l'API en question ,Informations r√©cup√©r√©es par l'API
identite_entreprise,identite_entreprise_identification,identite_entreprise_identification_siret,Identit√© de l'entreprise ,Identification de l'entreprise ,SIRET,,oui,Les informations du march√© et de votre entreprise,Informations de votre entreprise,SIRET,,texte,texte,oui,non,oui,oui,oui,non,oui,INSEE Donn√©es √©tablissement en open data,https://entreprise.api.gouv.fr/catalogue/insee/etablissements_diffusibles,
identite_entreprise,identite_entreprise_identification,identite_entreprise_identification_activite_principale,Identit√© de l'entreprise ,Identification de l'entreprise ,Activit√© principale,,oui,Les informations du march√© et de votre entreprise,Informations de votre entreprise,Activit√© principale,,texte,texte,oui,non,oui,oui,oui,non,oui,Extrait RNE - INPI,,
identite_entreprise,identite_entreprise_identification,identite_entreprise_identification_raison_sociale,Identit√© de l'entreprise ,Identification de l'entreprise ,Raison sociale,,oui,Les informations du march√© et de votre entreprise,Informations de votre entreprise,Raison sociale,,texte,texte,oui,non,oui,oui,oui,non,oui,Extrait RNE - INPI,,
identite_entreprise,identite_entreprise_identification,identite_entreprise_identification_nom_prenom,Identit√© de l'entreprise ,Identification de l'entreprise ,Nom et pr√©nom du dirigeant ,,oui,Les informations du march√© et de votre entreprise,Informations de votre entreprise,Nom et pr√©nom du dirigeant ,,texte,texte,oui,non,oui,oui,oui,non,oui,Extrait RNE - INPI,,
identite_entreprise,identite_entreprise_identification,identite_entreprise_identification_categorie,Identit√© de l'entreprise ,Identification de l'entreprise ,Cat√©gorie de l'entreprise,,oui,Les informations du march√© et de votre entreprise,Informations de votre entreprise,Cat√©gorie de l'entreprise ,,texte,texte,oui,non,oui,oui,oui,non,oui,INSEE  Donn√©es √©tablissement,https://entreprise.api.gouv.fr/catalogue/insee/etablissements#donnees,
identite_entreprise,identite_entreprise_identification,identite_entreprise_identification_code_postal,Identit√© de l'entreprise ,Identification de l'entreprise ,Adresse postale ,,oui,Les informations du march√© et de votre entreprise,Informations de votre entreprise,Adresse postale ,,texte,texte,oui,non,oui,oui,oui,non,oui,Extrait RNE - INPI,,
identite_entreprise,identite_entreprise_identification,identite_entreprise_identification_adresse,Identit√© de l'entreprise ,Identification de l'entreprise ,Adresse du si√®ge sociale,,oui,Les informations du march√© et de votre entreprise,Informations de votre entreprise,Adresse du si√®ge sociale,,texte,texte,oui,non,oui,oui,oui,non,oui,Extrait RNE - INPI,,
identite_entreprise,identite_entreprise_contact,identite_entreprise_contact_email,Identit√© de l'entreprise ,Informations de contact,Email,,oui,Les informations du march√© et de votre entreprise,Informations de contact,Email,,email,texte,non,non,oui,oui,oui,non,oui,,,
identite_entreprise,identite_entreprise_contact,identite_entreprise_contact_telephone,Identit√© de l'entreprise ,Informations de contact,Num√©ro de t√©l√©phone ,,oui,Les informations du march√© et de votre entreprise,Informations de contact,Num√©ro de t√©l√©phone ,,texte,texte,non,non,oui,oui,oui,non,oui,,,
motifs_exclusion_condamnations,motifs_exclusion_condamnations_penales,motifs_exclusion_condamnations_penales_infractions_code_penal,Motifs d‚Äôexclusion li√©s √† des condamnations d√©finitives,,Condamnation d√©finitive pour certaines infractions au Code p√©nal,"Le candidat doit attester qu‚Äôil n‚Äôa pas fait l‚Äôobjet, lui ou l‚Äôun de ses dirigeants, d‚Äôune condamnation d√©finitive pour des infractions graves (trafic, corruption, terrorisme, blanchiment, escroquerie, etc.), qui entra√Ænent l‚Äôexclusion des march√©s publics ou concessions (art. L.2141-1 et L.3123-1 du Code de la commande publique).",oui,Les motifs d‚Äôexclusion,Motifs d‚Äôexclusion li√©s √† des condamnations d√©finitives,Mon entreprise a √©t√© condamn√©e pour certaines infractions d√©coulant directement du Code p√©nal,"J'atteste que mon entreprise ou l‚Äôun de ses dirigeants a fait l‚Äôobjet d‚Äôune condamnation d√©finitive pour des infractions graves (trafic, corruption, terrorisme, blanchiment, escroquerie, etc.), entra√Ænant une exclusion des march√©s publics ou concessions (art. L.2141-1 et L.3123-1 du Code de la commande publique).",checkbox_with_texte,custom,non,non,oui,oui,oui,non,non,,,
motifs_exclusion_condamnations,motifs_exclusion_condamnations_penales,motifs_exclusion_condamnations_penales_egalite_discrimination,Motifs d‚Äôexclusion li√©s √† des condamnations d√©finitives,,Condamnation p√©nale pour manquement √† l‚Äô√©galit√© professionnelle entre les hommes et les femmes ou discrimination,"Le candidat doit attester qu‚Äôil n‚Äôa pas fait l‚Äôobjet, lui ou l‚Äôun de ses dirigeants, d‚Äôune condamnation pour manquement √† l‚Äô√©galit√© professionnelle entre les femmes et les hommes (art. L.1146-1 du Code du travail) ou pour discrimination (art. 225-1 du Code p√©nal).",oui,Les motifs d‚Äôexclusion,Motifs d‚Äôexclusion li√©s √† des condamnations d√©finitives,Mon entreprise a √©t√© condamn√©e pour manquement √† l‚Äô√©galit√© professionnelle entre les hommes et les femmes ‚Ä®ou discrimination,J'atteste que mon entreprise ou l‚Äôun de ses dirigeants a √©t√© condamn√© pour manquement √† l‚Äô√©galit√© professionnelle entre les hommes et les femmes (article L. 1146-1 du Code du travail) ou pour discrimination (article 225-1 du Code p√©nal).,checkbox_with_texte,,non,non,oui,oui,oui,non,non,,,
motifs_exclusion_condamnations,motifs_exclusion_condamnations_penales,motifs_exclusion_condamnations_penales_droit_travail,Motifs d‚Äôexclusion li√©s √† des condamnations d√©finitives,,Condamnation d√©finitive pour m√©connaissance¬† de certaines obligations dans le domaine du droit du travail ‚Ä®puni √©galement par le Code p√©nal,"Le candidat doit attester qu‚Äôil n‚Äôa pas fait l‚Äôobjet, lui ou l‚Äôun de ses dirigeants, d‚Äôune condamnation pour infractions au Code du travail (travail dissimul√©, pr√™t illicite de main-d‚Äô≈ìuvre, emploi d‚Äô√©trangers non autoris√©s, etc.), entra√Ænant l‚Äôexclusion des march√©s publics ou concessions.",oui,Les motifs d‚Äôexclusion,Motifs d‚Äôexclusion li√©s √† des condamnations d√©finitives,Mon entreprise a √©t√© condamn√©e pour m√©connaissance¬† de certaines obligations dans le domaine du droit du travail ‚Ä®puni √©galement par le Code p√©nal,"J'atteste que mon entreprise ou l‚Äôun de ses dirigeants a √©t√© condamn√© pour infractions li√©es au Code du travail (travail dissimul√©, pr√™t illicite de main-d‚Äô≈ìuvre, emploi de salari√©s √©trangers non autoris√©s, etc.), entra√Ænant l‚Äôexclusion des march√©s publics ou concessions. (au sens de l‚Äôarticle L. 2141-1 du Code de la commande publique).",checkbox_with_texte,,non,non,oui,oui,oui,non,non,,,
motifs_exclusion_condamnations,motifs_exclusion_condamnations_penales,motifs_exclusion_condamnations_penales_negociation_remuneration,Motifs d‚Äôexclusion li√©s √† des condamnations d√©finitives,,Manquement √† l'obligation de n√©gociation p√©riodique sur la r√©mun√©ration et sur l'√©galit√© professionnelle hommes-femmes,"Le candidat doit attester que, s‚Äôil dispose de sections syndicales, il a bien men√© au cours des 4 derni√®res ann√©es les n√©gociations obligatoires pr√©vues par le Code du travail (r√©mun√©ration, temps de travail, √©galit√© femmes-hommes, conditions de travail).",oui,Les motifs d‚Äôexclusion,Motifs d‚Äôexclusion li√©s √† des condamnations d√©finitives,Mon entreprise a manqu√© √† ses obligations de n√©gociation p√©riodique sur la r√©mun√©ration et sur l'√©galit√© professionnelle hommes-femmes,"J'atteste que mon entreprise dispose de sections syndicales mais n‚Äôa pas men√©, depuis 4 ans, les n√©gociations obligatoires pr√©vues par le Code du travail (r√©mun√©ration, temps de travail, √©galit√© femmes-hommes, conditions de travail).      ",checkbox_with_texte,,non,non,oui,oui,oui,non,non,,,
motifs_exclusion_fiscaux,motifs_exclusion_fiscaux_taxes_impots,motifs_exclusion_fiscaux_taxes_impots_liquidation_judiciaire,"Motifs d' exclusion li√©s aux obligations fiscales et sociales, redressement/liquidation",,Attestation sur l'honneur que l'op√©rateur √©conomique n'est pas en proc√©dure de liquidation judiciaire,"Le candidat doit attester qu‚Äôil n‚Äôest pas en liquidation judiciaire, ou dans une proc√©dure √©quivalente s‚Äôil est √©tabli hors de France.",oui,Les motifs d‚Äôexclusion,"Motifs d'exclusion li√©s aux obligations fiscales et sociales, redressement/liquidation",Mon entreprise est en proc√©dure de liquidation judiciaire,"J'atteste que mon entreprise est en liquidation judiciaire (ou proc√©dure √©quivalente si elle est √©tablie hors de France). Si mon entreprise n'est pas √©tablie en France, je dois avoir un extrait d'inscription au registre professionnel permettant de justifier l'absence de redressement ou liquidation judiciaire ou tout autre proc√©dure √©quivalente.
",checkbox_with_texte,Case √† cocher si la case est coch√©e document,oui,non,oui,oui,oui,non,non,"API Bodacc, Bodacc",https://www.bodacc.fr/pages/api-bodacc/,"L‚ÄôAPI **Bodacc** (Bulletin officiel des annonces civiles et commerciales) permet de r√©cup√©rer diff√©rentes annonces l√©gales relatives √† la vie des entreprises.
Concernant les **proc√©dures collectives**, plusieurs types sont remont√©s par l‚ÄôAPI. Voici les principales cat√©gories :

### 1. **Ouverture de proc√©dures collectives**

* Jugement d‚Äôouverture de **redressement judiciaire**
* Jugement d‚Äôouverture de **liquidation judiciaire**
* Jugement d‚Äôouverture de **sauvegarde**
* Jugement d‚Äôouverture de **proc√©dure de r√©tablissement professionnel**

### 2. **√âvolutions dans la proc√©dure**

* Jugement de **conversion** (ex. conversion d‚Äôun redressement en liquidation)
* Jugement de **poursuite de p√©riode d‚Äôobservation** (dans le cadre d‚Äôun redressement ou d‚Äôune sauvegarde)
* Jugement de **plan de continuation** ou **plan de sauvegarde**
* Jugement de **plan de cession** (cession totale ou partielle de l‚Äôentreprise)

### 3. **Cl√¥ture des proc√©dures**

* Jugement de **cl√¥ture pour extinction du passif**
* Jugement de **cl√¥ture pour insuffisance d‚Äôactif**
* Fin de p√©riode d‚Äôobservation avec issue favorable ou d√©favorable

### 4. **Autres d√©cisions li√©es**

* Appel √† d√©clarer les cr√©ances
* D√©p√¥t de l‚Äô√©tat des cr√©ances
* Nomination ou remplacement d‚Äôun administrateur judiciaire, mandataire judiciaire ou liquidateur

---


"
motifs_exclusion_fiscaux,motifs_exclusion_fiscaux_taxes_impots,motifs_exclusion_fiscaux_taxes_impots_faillite_interdiction,"Motifs d' exclusion li√©s aux obligations fiscales et sociales, redressement/liquidation",,Attestation sur l'honneur que l'op√©rateur √©conomique n'est pas en faillite ou qu'il ne lui est pas interdit de g√©rer une entreprise,"Le candidat doit attester qu‚Äôil n‚Äôest pas en liquidation judiciaire, ou dans une proc√©dure √©quivalente s‚Äôil est √©tabli hors de France.",oui,Les motifs d‚Äôexclusion,"Motifs d'exclusion li√©s aux obligations fiscales et sociales, redressement/liquidation",Le dirigeant de l'entreprise est en faillite personnelle ou il lui est interdit de g√©rer une entreprise,J'atteste que le dirigeant de mon entreprise est en faillite personnelle ou n'a plus le droit de g√©rer une entreprise.,checkbox_with_texte,Case √† cocher si la case est coch√©e document,oui,non,oui,oui,oui,non,non,"API Bodacc, Bodacc",https://www.bodacc.fr/pages/api-bodacc/,"Proc√©dure collectives : L‚ÄôAPI **Bodacc** (Bulletin officiel des annonces civiles et commerciales) permet de r√©cup√©rer diff√©rentes annonces l√©gales relatives √† la vie des entreprises.
Concernant les **proc√©dures collectives**, plusieurs types sont remont√©s par l‚ÄôAPI. Voici les principales cat√©gories :

### 1. **Ouverture de proc√©dures collectives**

* Jugement d‚Äôouverture de **redressement judiciaire**
* Jugement d‚Äôouverture de **liquidation judiciaire**
* Jugement d‚Äôouverture de **sauvegarde**
* Jugement d‚Äôouverture de **proc√©dure de r√©tablissement professionnel**

### 2. **√âvolutions dans la proc√©dure**

* Jugement de **conversion** (ex. conversion d‚Äôun redressement en liquidation)
* Jugement de **poursuite de p√©riode d‚Äôobservation** (dans le cadre d‚Äôun redressement ou d‚Äôune sauvegarde)
* Jugement de **plan de continuation** ou **plan de sauvegarde**
* Jugement de **plan de cession** (cession totale ou partielle de l‚Äôentreprise)

### 3. **Cl√¥ture des proc√©dures**

* Jugement de **cl√¥ture pour extinction du passif**
* Jugement de **cl√¥ture pour insuffisance d‚Äôactif**
* Fin de p√©riode d‚Äôobservation avec issue favorable ou d√©favorable

### 4. **Autres d√©cisions li√©es**

* Appel √† d√©clarer les cr√©ances
* D√©p√¥t de l‚Äô√©tat des cr√©ances
* Nomination ou remplacement d‚Äôun administrateur judiciaire, mandataire judiciaire ou liquidateur

"
motifs_exclusion_fiscaux,motifs_exclusion_fiscaux_taxes_impots,motifs_exclusion_fiscaux_taxes_impots_infractions_impots,"Motifs d' exclusion li√©s aux obligations fiscales et sociales, redressement/liquidation",,Condamnation d√©finitive pour certaines infractions au Code g√©n√©ral des imp√¥ts,"Le candidat doit attester qu‚Äôil n‚Äôa pas fait l‚Äôobjet, lui ou l‚Äôun de ses dirigeants, d‚Äôune condamnation pour infractions fiscales (fraude, refus de contr√¥le, d√©livrance de faux documents), entra√Ænant l‚Äôexclusion des march√©s publics ou concessions.",oui,Les motifs d‚Äôexclusion,"Motifs d'exclusion li√©s aux obligations fiscales et sociales, redressement/liquidation",Mon entreprise a √©t√© condamn√©e p√©nalement pour certaines infrations issues du Code g√©n√©ral des imp√¥ts,"Mon entreprise ou l‚Äôun de ses dirigeants a d√©j√† √©t√© condamn√©e pour des infractions fiscales : fraude fiscale, refus de contr√¥le par l‚Äôadministration ou d√©livrance de faux documents (Code g√©n√©ral des imp√¥ts).
",checkbox_with_texte,,non,non,oui,oui,oui,non,non,,,
motifs_exclusion_fiscaux,motifs_exclusion_fiscaux_taxes_impots,motifs_exclusion_fiscaux_taxes_impots_declarations_fiscales,"Motifs d' exclusion li√©s aux obligations fiscales et sociales, redressement/liquidation",,D√©faut de d√©clarations en mati√®re fiscale,"Le candidat doit attester qu‚Äôil s‚Äôest acquitt√© de l‚Äôensemble de ses imp√¥ts, taxes et contributions exigibles.",oui,Les motifs d‚Äôexclusion,"Motifs d'exclusion li√©s aux obligations fiscales et sociales, redressement/liquidation","Mon entreprise ne s‚Äôest pas acquitt√©e des imp√¥ts, taxes, contributions exigibles","Mon entreprise n'est pas √† jour de ses obligations fiscales (imp√¥t sur le revenu ou soci√©t√©s, TVA) et ne dispose pas des certificats d√©livr√©s par l‚Äôadministration fiscale, conform√©ment au Code de la commande publique.",checkbox_with_texte,"API: case coch√©e (data champ texte + document, disponible uniquement pour l'acheteur).",oui,non,oui,oui,oui,non,non,"Avis de jugements, liquidations et redressements judiciaires , Bodacc",https://entreprise.api.gouv.fr/catalogue/dgfip/attestations_fiscales,"Des informations sur l‚Äôunit√© l√©gale :
d√©nomination sociale de la soci√©t√© ;
adresse de l‚Äô√©tablissement principal ;
num√©ro de SIREN ;
Un paragraphe listant les obligations fiscales en r√®gle ;

Des informations relatives √† l‚Äôattestation :
date de d√©livrance ;
num√©ro de d√©livrance - üí° Gr√¢ce √† API Entreprise vous n‚Äôavez pas besoin d‚Äôutiliser ce num√©ro pour v√©rifier l‚Äôauthenticit√© des documents car toutes nos attestations sont issues directement de la DGFIP et donc certifi√©es !
coordonn√©es du service des imp√¥ts gestionnaire."
motifs_exclusion_sociaux,motifs_exclusion_sociaux_declarations,motifs_exclusion_sociaux_declarations_cotisations_sociales,"Motifs d' exclusion li√©s aux obligations fiscales et sociales, redressement/liquidation",,D√©claration de l'op√©rateur √©conomique qu'il est acquitt√© des cotisations sociales exigibles,"Le candidat doit attester qu‚Äôil a bien d√©clar√© et pay√© toutes les cotisations et contributions sociales qui lui incombent, conform√©ment √† la r√©glementation en vigueur.",oui,Les motifs d‚Äôexclusion,"Motifs d'exclusion li√©s aux obligations fiscales et sociales, redressement/liquidation",Mon entreprise n‚Äôest pas √† jour de ses cotisations sociales,"Mon entreprise n'a pas d√©clar√© et pay√© toutes les cotisations et contributions sociales qui lui incombent, en fonction de sa taille, de son chiffre d‚Äôaffaires ou de ses effectifs, comme l‚Äôexige le Code de la commande publique.",checkbox_with_texte,"API: case coch√©e (data champ texte + document, disponible uniquement pour l'acheteur).",oui,non,oui,oui,oui,non,non,"Attestations vigilances (URSSAF), Conformit√©s cotisations MSA (sauf micro entreprises)",https://entreprise.api.gouv.fr/catalogue/urssaf/attestation_vigilance + https://entreprise.api.gouv.fr/catalogue/msa/conformites_cotisations,"Attestation de vigilance : 
savoir si l‚Äôattestation de vigilance est d√©livr√©e par l‚ÄôUrssaf et obtenir l‚ÄôURL de t√©l√©chargement de l‚Äôattestation, au format PDF.
‚ö†Ô∏è La d√©livrance de l‚Äôattestation ne veut pas forc√©ment dire que l‚Äôentit√© est jour de ses cotisations. L‚Äôattestation de vigilance est d√©livr√©e sous certaines conditions ; entre autres, si l‚Äôentreprise s‚Äôest acquit√©e de ses cotisations et contributions.
obtenir la date de d√©but et de fin de validit√© de l‚Äôattestation. L‚Äôattestation a une dur√©e de validit√© l√©gale de 6 mois √† compter de la date d‚Äôanalyse indiqu√©e sur le document et qui est diff√©rente de la date de d√©livrance du document. En savoir plus.
üí° Cette donn√©e structur√©e vous permet de reprogrammer automatiquement un appel avant la fin de validit√© du document
obtenir le code de s√©curit√© de l‚Äôattestation : ce code vous permet d‚Äôacc√©der aux informations de l‚ÄôURSSAF associ√©es √† l‚Äôattestation (date de certification, p√©riode concern√©e, organisme √©metteur, effectif et masse salariale, etc.).
savoir si l‚Äôentit√© n‚Äôest pas √† jour de ses cotisations, avec le code statut refus_de_delivrance.
üí° Cette donn√©e structur√©e vous permet d‚Äôindiquer automatiquement sur votre logiciel que l‚Äôentreprise n‚Äôest pas en r√®gle.
Cotisation MSA : 
Cette API indique si l‚Äôentreprise est √† jour de ses cotisations sociales aupr√®s de la MSA. Il existe donc trois situations possibles pour une entreprise :
L‚Äôentreprise est √† jour de ses cotisations sociales aupr√®s de la MSA ;
L‚Äôentreprise n‚Äôest pas √† jour de ses cotisations sociales ;
La r√©gularit√© de l‚Äôentreprise est inconnue. Une analyse est √† effectuer par un agent caisse de la MSA pour savoir si le d√©biteur est √† jour ou pas. Il vous faudra relancer un appel ult√©rieurement, le temps que l‚Äôagent analyse la situation et la mette √† jour dans le syst√®me d‚Äôinformation.
Depuis 2021, la conformit√© n‚Äôest d√©livr√©e que si la contribution annuelle de l‚ÄôOETH (Obligation d‚ÄôEmploi de Travailleur Handicap√©) a √©t√© acquitt√©e par l‚Äôentreprise. Cette comp√©tence √©tait auparavant attribu√©e √† l‚ÄôAGEFIPH.
"
motifs_exclusion_sociaux,motifs_exclusion_sociaux_declarations,motifs_exclusion_sociaux_declarations_travailleurs_handicapes,"Motifs d' exclusion li√©s aux obligations fiscales et sociales, redressement/liquidation",,Obligations d'emploi de travailleurs handicap√©s,"Si l'entreprise du candidat compte au moins 20 salari√©s, il doit attester qu'il respecte l'obligation d‚Äôemploi de travailleurs handicap√©s pr√©vue par le Code du travail (art. L.5212-1 √† L.5212-11), conform√©ment au Code de la commande publique.
",oui,Les motifs d‚Äôexclusion,"Motifs d'exclusion li√©s aux obligations fiscales et sociales, redressement/liquidation",Mon entreprise n'a pas satisfait √† l'obligation d‚Äôemploi de travailleurs handicap√©s (OETH),"Mon entreprise compte au moins 20 salari√©s, et ne respecte pas l‚Äôobligation d‚Äôemploi de travailleurs handicap√©s pr√©vue par le Code du travail (art. L.5212-1 √† L.5212-11), conform√©ment au Code de la commande publique.",checkbox_with_texte,Case √† cocher si la case est coch√©e document,oui,non,oui,oui,oui,non,non,Attestations OETH - GIP - MDS,https://entreprise.api.gouv.fr/catalogue/urssaf/attestation_vigilance,"""est √† jour ou pas de ses obligations au titre des travailleurs handicap√©s """
motifs_exclusion_sociaux,motifs_exclusion_sociaux_declarations,motifs_exclusion_sociaux_declarations_travailleurs_etrangers,"Motifs d' exclusion li√©s aux obligations fiscales et sociales, redressement/liquidation",,Liste nominative des travailleurs √©trangers,"Le candidat doit attester que ses salari√©s √©trangers sont en situation r√©guli√®re en fournissant une liste issue du registre du personnel (mise √† jour tous les 6 mois), pr√©cisant la date d‚Äôembauche, la nationalit√© et le titre de travail de chaque salari√©.",oui,Les motifs d‚Äôexclusion,"Motifs d'exclusion li√©s aux obligations fiscales et sociales, redressement/liquidation",Je d√©clare employer des travailleurs √©trangers,"Si mon entreprise emploie des salari√©s √©trangers, elle doit attester qu‚Äôils sont en situation r√©guli√®re en fournissant √† l‚Äôacheteur ou √† l‚Äôautorit√© conc√©dante une liste issue du registre du personnel (mise √† jour tous les 6 mois) pr√©cisant la date d‚Äôembauche, la nationalit√© et le titre de travail de chaque salari√© (art. D8254-2 du Code du travail).",checkbox_with_document,Case √† cocher si la case est coch√©e document,non,non,oui,oui,oui,non,non,,,
motifs_exclusion_sociaux,motifs_exclusion_sociaux_declarations,motifs_exclusion_sociaux_declarations_cibtp_cnetp,"Motifs d' exclusion li√©s aux obligations fiscales et sociales, redressement/liquidation",,Attestation de r√©gularit√© sociale dans le secteur des travaux publics (CIBTP - CNETP),Le candidat devra fournir une attestation d√©livr√©e par un organisme en charge de la gestion des cong√©s pay√©s et du ch√¥mage intemp√©ries dans le secteur du BTP,non,Les motifs d‚Äôexclusion,"Motifs d'exclusion li√©s aux obligations fiscales et sociales, redressement/liquidation",Mon entreprise n'est pas √† jour du paiement de ses cotisations CIBTP - CNETP,"Mon entreprise exercant dans le secteur du BTP, ne peut pas fournir une attestation de la caisse CIBTP confirmant qu‚Äôelle est √† jour de ses d√©clarations et cotisations (cong√©s pay√©s et ch√¥mage-intemp√©ries), conform√©ment au Code du travail.",document,,oui,non,non,non,oui,non,oui,"Certificat cotisations Cibtp, Cnetp","https://entreprise.api.gouv.fr/catalogue/cibtp/attestations_cotisations_conges_payes_chomage_intemperies
https://entreprise.api.gouv.fr/catalogue/cnetp/attestations_cotisations_conges_payes_chomage_intemperies
","Cotisations Cibtp et Cnetp : 
Ces API renvoient un document pdf attestant de la regularit√© . SI pas ""√† jour"" = pas d'attestation renvoy√©e 

"
motifs_exclusion_sociaux,motifs_exclusion_sociaux_declarations,motifs_exclusion_sociaux_declarations_pro_btp,"Motifs d' exclusion li√©s aux obligations fiscales et sociales, redressement/liquidation",,Attestation de r√©gularit√© des cotisations retraite Pro BTP,Le candidat devra fournir une attestation d√©livr√©e par un organisme proposant des services de protection sociale dans le secteur du BTP,non,Les motifs d‚Äôexclusion,"Motifs d'exclusion li√©s aux obligations fiscales et sociales, redressement/liquidation",Mon entreprise n'est pas √† jour du paiement de ses cotisations retraite Pro BTP,"Mon entreprise exercant dans le secteur du BTP, ne s'est pas acquitt√©e de ses obligations de retraites compl√©mentaires. Mon entreprise ne peut donc pas fournir d'attestation PRO BTP.",document,,oui,non,non,non,oui,non,oui,"Attestations ProBtp, ProBtp",https://entreprise.api.gouv.fr/catalogue/probtp/conformites_cotisations_retraite,"Attestation Pro Btp : 
L‚Äôattestation explicite :
les contrats retraite et pr√©voyance souscrits ;
la r√©gularit√© de versement des cotisations, indiqu√©e comme suit : ¬´ En tenant compte des √©l√©ments connus √† cette date, elle [l‚Äôentreprise] est √† jour des cotisations exigibles au JJ.MM.AAAA ¬ª."
motifs_exclusion_appreciation_acheteur,motifs_exclusion_appreciation_acheteur_discretionnaire,motifs_exclusion_appreciation_acheteur_discretionnaire_manquement_execution,Motifs d‚Äôexclusion √† l‚Äôappr√©ciation de l‚Äôacheteur et pr√©vus dans les documents de la consultation,,Manquement dans l‚Äôex√©cution d‚Äôun contrat ant√©rieur,"Le candidat devra attester qu'au cours des trois derni√®rs ann√©es il n'a pas vers√© de dommages et int√™rets, qu'il n'a pas √©t√© sanctionn√© par une r√©siliation ou fait l‚Äôobjet d‚Äôune sanction comparable du fait d‚Äôun manquement grave ou persistant √† ses obligations contractuelles lors de l‚Äôex√©cution d‚Äôun contrat de la commande publique ant√©rieur.",non,Motifs d‚Äôexclusion √† l‚Äôappr√©ciation de l‚Äôacheteur et pr√©vus dans les documents de la consultation,Autres motifs d‚Äôexclusion,Mon entreprise a √©t√© sanctionn√©e pour manquement dans l‚Äôex√©cution d‚Äôun contrat ant√©rieur ,"Au cours des 3 derni√®res ann√©es, mon entreprise a √©t√© sanctionn√©e (dommages et int√©r√™ts, r√©siliation ou √©quivalent) pour manquements graves ou r√©p√©t√©s dans l‚Äôex√©cution d‚Äôun pr√©c√©dent contrat public.",checkbox_with_texte,,non,non,oui,oui,oui,non,non,,,
motifs_exclusion_appreciation_acheteur,motifs_exclusion_appreciation_acheteur_discretionnaire,motifs_exclusion_appreciation_acheteur_discretionnaire_influence_preparation,Autre motif d'exclusion obligatoire,,Trafic d'influence,Le candidat devra attester ne pas avoir tent√© d‚Äôinfluencer la d√©cision de l‚Äôacheteur ou d‚Äôobtenir de ce dernier des informations confidentielles susceptibles de lui conf√©rer un avantage indu. Il devra √©galement attester ne pas avoir particip√©  de mani√®re directe ou indirecte √† la pr√©paration de la proc√©dure de passation du march√©.,oui,Les motifs d‚Äôexclusion,Autres motifs d‚Äôexclusion,Mon entreprise a entrepris d'influencer le processus d√©cisionnel ou a eu acc√®s √† des informations confidentielles notamment en participant pr√©alablement √† la proc√©dure de passation du contrat,"Mon entreprise a tent√© d‚Äôinfluencer ind√ªment l‚Äôacheteur, obtenu ou utilis√© des informations confidentielles, fourni des informations trompeuses, ou encore profit√© d‚Äôune participation pr√©alable cr√©ant une distorsion de concurrence.",checkbox_with_texte,,non,non,oui,oui,oui,non,non,,,
motifs_exclusion_appreciation_acheteur,motifs_exclusion_appreciation_acheteur_discretionnaire,motifs_exclusion_appreciation_acheteur_discretionnaire_presomption_entente,Autre motif d'exclusion obligatoire,,Pr√©somption d‚Äôentente,Le candidat doit attester ne pas avoir conclu d'entente avec d‚Äôautres op√©rateurs √©conomiques en vue de fausser la concurrence.,oui,Les motifs d‚Äôexclusion,Autres motifs d‚Äôexclusion,Mon entreprise fait l'objet d'une pr√©somption d‚Äôentente,Mon entreprise a conclu une entente avec d‚Äôautres entreprises afin de fausser la concurrence.,checkbox_with_texte,,non,non,oui,oui,oui,non,non,,,
motifs_exclusion_appreciation_acheteur,motifs_exclusion_appreciation_acheteur_discretionnaire,motifs_exclusion_appreciation_acheteur_discretionnaire_conflit_interets,Autre motif d'exclusion obligatoire,,Conflit d‚Äôint√©r√™ts,"Le candidat devra attester ne pas avoir √©t√© impliqu√© dans une situation pour laquelle il aurait √©t√© susceptible d‚Äôinfluencer l‚Äôissue d'un march√© public, directement ou indirectement, qu'il n'a pas d'int√©r√™t financier, √©conomique ou tout autre int√©r√™t personnel qui pourrait compromettre son impartialit√© ou son ind√©pendance.",oui,Les motifs d‚Äôexclusion,Autres motifs d‚Äôexclusion,La candidature de mon entreprise cr√©e une situation de conflit d‚Äôint√©r√™ts,"La candidature de mon entreprise repr√©sente un conflit d‚Äôint√©r√™ts car une personne impliqu√©e dans la proc√©dure d√©tient un int√©r√™t financier, √©conomique ou personnel pouvant compromettre son impartialit√© ou son ind√©pendance. Il existe un doute sur l‚Äôimpartialit√© de mon entreprise en tant que candidate.",checkbox_with_texte,,non,non,oui,oui,oui,non,non,,,
motifs_exclusion_appreciation_acheteur,motifs_exclusion_appreciation_acheteur_discretionnaire,motifs_exclusion_appreciation_acheteur_discretionnaire_bilan_ges,Motifs d‚Äôexclusion √† l‚Äôappr√©ciation de l‚Äôacheteur et pr√©vus dans les documents de la consultation,,Bilan des √©missions de gaz √† effet de serre,Le candidat devra attester qu'il a bien r√©alis√© son bilan des √©missions de gaz √† effet de serre pour l‚Äôann√©e pr√©c√©dant l‚Äôappel √† concurrence (uniquement s‚Äôil est soumis √† l‚Äôarticle L.229-25 du Code de l‚Äôenvironnement),non,Les motifs d‚Äôexclusion,Autres motifs d‚Äôexclusion,"Mon entreprise n'a pas satisfait √† l'obligation d'√©tablir un Bilan de gaz √† effet de serre (BEGES), alors qu'elle est concern√©e","Mon entreprise, soumise √† l‚Äôarticle L.229-25 du Code de l‚Äôenvironnement, n‚Äôa pas r√©alis√© son bilan des √©missions de gaz √† effet de serre pour l‚Äôann√©e pr√©c√©dant l‚Äôappel √† concurrence.",document,,non,non,oui,oui,oui,non,oui,,,
motifs_exclusion_appreciation_acheteur,motifs_exclusion_appreciation_acheteur_discretionnaire,motifs_exclusion_appreciation_acheteur_discretionnaire_plan_vigilance,Motifs d‚Äôexclusion √† l‚Äôappr√©ciation de l‚Äôacheteur et pr√©vus dans les documents de la consultation,,Plan de vigilance,Le candidat devra attester qu'il a r√©alis√© un plan de vigilance l‚Äôann√©e pr√©c√©dant l‚Äôappel √† concurrence (uniquement pour les entreprises soumise √† l‚Äôarticle L.225-102-1 du Code de commerce).,non,Les motifs d‚Äôexclusion,Autres motifs d‚Äôexclusion,Mon entreprise n'a pas satisfait √† l'obligation d'√©tablissement d'un plan de vigilance,"Mon entreprise, soumise √† l‚Äôarticle L.225-102-1 du Code de commerce, n‚Äôa pas √©tabli son plan de vigilance (mesures pr√©vues √† l‚Äôart. L.225-102-4) pour l‚Äôann√©e pr√©c√©dant l‚Äôappel √† concurrence.",texte,,non,non,oui,oui,oui,non,oui,,,
capacite_economique_financiere,capacite_economique_financiere_chiffre_affaires,capacite_economique_financiere_chiffre_affaires_global_annuel,Capacit√© √©conomique et financi√®re des candidats,,Chiffre d'affaires global annuel,"Le candidat devra d√©clarer le chiffre d'affaires de son entreprise des trois (3) ann√©es pr√©c√©dentes, en euros.",non,Les capacit√©s √©conomiques et financi√®res de votre entreprise,Chiffre d‚Äôaffaires,Le chiffre d‚Äôaffaires de votre entreprise au cours des trois derni√®res ann√©es,"Indiquez le chiffre d'affaires de votre entreprise au cours des trois ann√©es pr√©c√©dentes, en euros.",custom,,oui,non,oui,oui,oui,non,non,"Chiffres d'affaires annuel, Dgfip",https://entreprise.api.gouv.fr/catalogue/dgfip/chiffres_affaires,"Cette API retourne jusqu‚Äô√† trois exercices, les plus r√©cents : Chiffre d'affaires en euros ex: 900001
Date de fin de l'exercice ex: 2015-12-01"
capacite_economique_financiere,capacite_economique_financiere_chiffre_affaires,capacite_economique_financiere_chiffre_affaires_domaine_marche,Capacit√© √©conomique et financi√®re des candidats,,Pourcentage du chiffre d'affaires dans le domaine concern√© par le march√© public,"Le candidat devra indiquer le pourcentage de son chiffre d‚Äôaffaires li√© au secteur d‚Äôactivit√© concern√© par le contrat, rapport√©e √† son chiffre d‚Äôaffaires global, sur les trois derni√®res ann√©es, en euros.",non,Les capacit√©s √©conomiques et financi√®res de votre entreprise,Chiffre d‚Äôaffaires,Le pourcentage du chiffre d'affaire concern√© par le type de march√© public,Indiquez le pourcentage du chiffre d'affaires dans le secteur d'activit√© concern√© par le contrat par rapport au chiffre d'affaires global de votre entreprise.,custom,,non,non,oui,oui,oui,non,non,,,
capacite_economique_financiere,capacite_economique_financiere_bilans,capacite_economique_financiere_bilans_trois_exercices,Capacit√© √©conomique et financi√®re des candidats,,Bilans ou extraits de bilans des 3 derniers exercices comptables cl√¥tur√©s,"Le candidat devra fournir les bilans ou extraits de bilan, concernant les trois derni√®res ann√©es comptables cl√¥tur√©es (uniquement pour les op√©rateurs √©conomiques pour lesquels l‚Äô√©tablissement des bilans est obligatoire).",non,Les capacit√©s √©conomiques et financi√®res de votre entreprise,Bilans,Les bilans ou extraits de bilans de votre entreprise au cours des trois derniers exercices comptables cl√¥tur√©es,Vous devez fournir les bilans ou extraits de bilans de votre entreprise qui concernent les trois derniers exercices comptables cl√¥tur√©s.,document,,oui,non,oui,oui,oui,non,oui,"Liasses fiscales , Dgfip",https://entreprise.api.gouv.fr/catalogue/dgfip/liasses_fiscales,Cette API d√©livre les bilans et compes de r√©sultat 
capacite_economique_financiere,capacite_economique_financiere_assurance,capacite_economique_financiere_assurance_risques_professionnels,Capacit√© √©conomique et financi√®re des candidats,,Assurance des risques professionnels pertinents,Le candidat devra fournir la preuve qu'il a souscrit un contrat d'assurance et/ou fournir une d√©claration appropri√©e de banque. ,non,Les capacit√©s √©conomiques et financi√®res de votre entreprise,Banque et assurance,Les d√©clarations appropri√©es de banques ou preuve d'une assurance des risques professionnels pertinents de votre entreprise,"Fournissez des d√©clarations de vos banques ou une attestation d‚Äôassurance couvrant les risques professionnels de votre entreprise, afin de d√©montrer votre solidit√© financi√®re.",custom,,non,non,oui,oui,oui,non,non,,,
capacites_techniques_professionnelles,capacites_techniques_professionnelles_effectifs,capacites_techniques_professionnelles_effectifs_moyens_annuels,Capacit√©s techniques et professionnelles des candidats,Les effectifs,Les effectifs moyens annuels du candidat au cours des trois derni√®res ann√©es,Le candidat devra fournir une d√©claration indiquant ses effectifs moyens annuels au cours des trois derni√®res ann√©es,non,Les capacit√©s techniques et professionnelles de votre entreprise,Les effectifs,Les effectifs moyens annuels de votre entreprise au cours des trois derni√®res ann√©es,Indiquez les dates des trois ann√©es pr√©c√©dentes ainsi que les effectifs moyens annuels au cours de ces trois derni√®res ann√©es,custom,,oui,non,oui,oui,oui,non,non,"API effectifs annuels , Gip-mds",Effectifs annuels d'une unit√© l√©gale,Cette API d√©livre l‚Äôeffectif moyen annuel (EMA) de l‚Äôunit√© l√©gale pour l‚Äôann√©e demand√©e. Possible hitorique de 5 ans 
capacites_techniques_professionnelles,capacites_techniques_professionnelles_effectifs,capacites_techniques_professionnelles_effectifs_cv_intervenants,Capacit√©s techniques et professionnelles des candidats,Les effectifs,Les titres d'√©tudes et professionnels des cadres de l'entreprise,"Le candidat devra indiquer les titres d'√©tudes et titres professionnels des cadres de l'entreprise (responsables de prestation, responsable de conduite de travaux ...).",non,Les capacit√©s techniques et professionnelles de votre entreprise,Les effectifs,Pr√©sention de l'√©quipe qui participera au march√©,"T√©l√©chargez la liste des intervenants qui participeront au projet. Si vous ne disposez pas de cette liste, d√©crivez manuellement l‚Äô√©quipe mobilis√©e pour le march√© : r√¥les, comp√©tences et exp√©riences. Vous pouvez √©galement joindre les CV des intervenants afin de mettre en valeur leurs qualifications.",custom,,non,non,oui,oui,oui,non,non,,,
capacites_techniques_professionnelles,capacites_techniques_professionnelles_effectifs,capacites_techniques_professionnelles_effectifs_techniciens_organismes,Capacit√©s techniques et professionnelles des candidats,Les effectifs,Les techniciens ou organismes responsables du contr√¥le de la qualit√©,"Le candidat devra pr√©senter les techniciens ou les organismes techniques, qu'ils soient ou non int√©gr√©s au candidat, en particulier ceux qui sont responsables du contr√¥le de la qualit√© et auquel le candidat pourra faire appel pour l'ex√©cution de l'ouvrage.",non,Les capacit√©s techniques et professionnelles de votre entreprise,Les effectifs,"Pr√©sentation des techniciens, organismes techniques qui participeront au contrat","T√©l√©chargez la liste des techniciens ou organismes techniques (internes ou externes, charg√©s notamment du contr√¥le qualit√©) qui participeront au projet. Si vous ne disposez pas de cette liste, d√©crivez manuellement les techniciens ou organismes techniques mobilis√©s pour le march√©.
",custom,,non,non,non,non,oui,non,non,"5¬∞ L'indication des techniciens ou des organismes techniques, qu'ils soient ou non int√©gr√©s au candidat, en particulier de ceux qui sont responsables du contr√¥le de la qualit√© et, lorsqu'il s'agit de march√©s publics de travaux, auquel le candidat pourra faire appel pour l'ex√©cution de l'ouvrage",,
capacites_techniques_professionnelles,capacites_techniques_professionnelles_certificats,capacites_techniques_professionnelles_certificats_qualibat,Capacit√©s techniques et professionnelles des candidats,Les certificats de qualification professionnelle ou √©quivalents,Certificat Qualibat,La certification QUALIBAT repr√©sente un label de qualification et de certifications qui permet aux entreprises exer√ßant dans le domaine de construction de  valoriser leurs comp√©tences techniques et professionnelles.,non,Capacit√©s techniques et professionnelles de votre entreprise,Les certificats ,Certificat Qualibat,La certification QUALIBAT repr√©sente un label de qualification et de certifications qui permet aux entreprises exer√ßant dans le domaine de construction de  valoriser leurs comp√©tences techniques et professionnelles.,document,,oui,non,non,non,oui,non,oui,"Certification Qualibat, Qualibat",https://entreprise.api.gouv.fr/catalogue/qualibat/certifications_batiment,"Des informations sur l‚Äôentreprise :

raison sociale, date de cr√©ation, forme juridique, code NACE et capital social ;
nom et fonction des dirigeants responsables ;
adresse et coordonn√©es de l‚Äôentreprise ;
registre de commerce ou de r√©pertoire des m√©tiers auquel l‚Äôentreprise est rattach√©e ;
num√©ro d‚Äôaffiliation √† la caisse de cong√©s pay√©s ;
r√©gularit√© de la situation fiscale et sociale ;
assurances responsabilit√© civile et travaux ;
effectif moyen et chiffre d‚Äôaffaires hors taxes.
Des informations sur la qualification :

code √† quatre chiffres de la capacit√© technique reconnue √† l‚Äôentreprise dans une des 9 activit√©s d√©taill√©es dans la nomenclature Qualibat ;
titre de cette capacit√© ;
niveau de technicit√© ;
classification partielle : les moyens humains dont dispose l‚Äôentreprise dans l‚Äôactivit√© pour laquelle elle est qualifi√©e sont pr√©cis√©s ;
date d‚Äôattribution : date √† laquelle la qualification a √©t√© attribu√©e ou derni√®rement renouvell√©e ;
date d‚Äô√©ch√©ance : date d‚Äôexpiration de validit√© de la qualification ;
syst√®me qualit√© : dans la mesure o√π l‚Äôentreprise a mis en place une d√©marche qualit√© certifi√©e par Qualibat, la certification de son syst√®me qualit√© est mentionn√©e en annexe.
Des informations li√©es au certificat :

mill√©sime du certificat ;
date d‚Äô√©dition;nbsp;;
dur√©e de validit√© ;
num√©ro d‚Äôidentification du certifica"
capacites_techniques_professionnelles,capacites_techniques_professionnelles_certificats,capacites_techniques_professionnelles_certificats_qualifelec,Capacit√©s techniques et professionnelles des candidats,Les certificats de qualification professionnelle ou √©quivalents,Certificat Qualifelec,La certification Qualifelec est une qualification professionnelle pour les professionnels exer√ßant dans le domaine de l‚Äô√©lectricit√© (r√©novation √©lectrique) et dans le domaine de la r√©novation √©nerg√©tique.,non,Capacit√©s techniques et professionnelles de votre entreprise,Les certificats ,Certificat Qualifelec,La certification Qualifelec est une qualification professionnelle pour les professionnels exer√ßant dans le domaine de l‚Äô√©lectricit√© (r√©novation √©lectrique) et dans le domaine de la r√©novation √©nerg√©tique.,document,,oui,non,non,non,oui,non,oui,"Certification Qualifelec, Qualifelec",https://entreprise.api.gouv.fr/catalogue/qualifelec/certificats,"informations relatives au certificat : num√©ro, dates de validit√© ;
informations sur la qualification obtenue : labellis√©e RGE ou non, libell√©, dates de validit√©, indices, mentions, domaines et la classification qui donne l‚Äôeffectif du personnel d‚Äôexecution et d‚Äôencadrement disponible pour cette qualification ;
assurances d√©cennale et de responsabilit√© civile ;
l‚Äôurl de t√©l√©chargement du certificat au format PDF."
capacites_techniques_professionnelles,capacites_techniques_professionnelles_certificats,capacites_techniques_professionnelles_certificats_rge,Capacit√©s techniques et professionnelles des candidats,Les certificats de qualification professionnelle ou √©quivalents,Certificats RGE,La certification RGE (Reconnu Garant de l'Environnement) est une qualification fran√ßaise qui certifie les entreprises du b√¢timent sp√©cialis√©es dans les travaux de r√©novation √©nerg√©tique et d'installation d'√©nergies renouvelables.,non,Capacit√©s techniques et professionnelles de votre entreprise,Les certificats ,Certificats RGE,"La certification RGE (Reconnu Garant de l'Environnement) est une qualification fran√ßaise qui certifie les entreprises du b√¢timent sp√©cialis√©es dans les travaux de r√©novation √©nerg√©tique et d'installation d'√©nergies renouvelables.
",document,,oui,non,oui,oui,oui,non,oui,"Certification RGE, Ademe ",https://entreprise.api.gouv.fr/catalogue/ademe/certifications_rge,"Des informations relatives au certificat : libell√©, organisme de certification, qualifications, domaine d‚Äôintervention, etc. ;
l‚Äôurl de t√©l√©chargement de l‚Äôattestation au format PDF."
capacites_techniques_professionnelles,capacites_techniques_professionnelles_certificats,capacites_techniques_professionnelles_certificats_bio,Capacit√©s techniques et professionnelles des candidats,Les certificats de qualification professionnelle ou √©quivalents,Certification bio,"La certification bio est un label officiel qui garantit qu'un produit a √©t√© produit selon les r√®gles de l'agriculture biologique, sans pesticides de synth√®se, engrais chimiques, OGM, ni additifs artificiels dans la plupart des cas.",non,Capacit√©s techniques et professionnelles de votre entreprise,Les certificats ,Certification bio,"La certification bio est un label officiel qui garantit qu'un produit a √©t√© produit selon les r√®gles de l'agriculture biologique, sans pesticides de synth√®se, engrais chimiques, OGM, ni additifs artificiels dans la plupart des cas.
",document,,oui,non,oui,oui,non,non,oui,Certification en BIO API non impl√©ment√© en V.3 donc non dispo pour le MVP,https://entreprise.api.gouv.fr/catalogue/agence_bio/certifications_bio,
capacites_techniques_professionnelles,capacites_techniques_professionnelles_certificats,capacites_techniques_professionnelles_certificats_ess,Capacit√©s techniques et professionnelles des candidats,Les certificats de qualification professionnelle ou √©quivalents,Certification entreprises ESS,La Certification des Entreprises de l'√âconomie Sociale et Solidaire (ESS) est une reconnaissance officielle accord√©e aux entreprises qui respectent les principes et valeurs de l'√©conomie sociale et solidaire en France.,non,Capacit√©s techniques et professionnelles de votre entreprise,Les certificats ,Certification entreprises ESS,La Certification des Entreprises de l'√âconomie Sociale et Solidaire (ESS) est une reconnaissance officielle accord√©e aux entreprises qui respectent les principes et valeurs de l'√©conomie sociale et solidaire en France.,document,texte,oui,non,oui,oui,oui,non,oui,"Entreprises ESS , Insee",https://entreprise.api.gouv.fr/catalogue/insee/etablissements,Champ ESS: True ou False 
capacites_techniques_professionnelles,capacites_techniques_professionnelles_certificats,capacites_techniques_professionnelles_certificats_qualiopi_france,Capacit√©s techniques et professionnelles des candidats,Les certificats de qualification professionnelle ou √©quivalents,Certificats Qualiopi et France Comp√©tences,La certification Qualiopi est la certification qualit√© obligatoire pour tous les organismes de formation professionnelle en France.,non,Capacit√©s techniques et professionnelles de votre entreprise,Les certificats ,Certificats Qualiopi et France Comp√©tences,La certification Qualiopi est la certification qualit√© obligatoire pour tous les organismes de formation professionnelle en France.,document,texte,oui,non,oui,non,non,non,oui,Qualiopi & habilitations France comp√©tences,https://entreprise.api.gouv.fr/catalogue/carif_oref/certifications_qualiopi_france_competences,"Cette API permet de savoir si un √©tablissement est habilit√© √† former. Elle indique :

le ou les num√©ros de d√©claration d‚Äôactivit√©, si l‚Äô√©tablissement en poss√®de ;
si l‚Äô√©tablissement est certifi√© Qualiopi au moment de l‚Äôappel et s‚Äôil est qualifi√© Action formation, Bilan Comp√©tences, VAE ou Apprentissage ;
la liste des habilitations France Comp√©tences, pour les √©tablissements certifi√©s."
capacites_techniques_professionnelles,capacites_techniques_professionnelles_certificats,capacites_techniques_professionnelles_certificats_cqp_tp,Capacit√©s techniques et professionnelles des candidats,Les certificats de qualification professionnelle ou √©quivalents,Certificat CQP TP (Qualification Professionnelle Travaux Publics),Le Certificat de Qualification Professionnelle Travaux Publics (CQP TP) vise √† certifier les comp√©tences professionnelles des salari√©s dans des m√©tiers sp√©cifiques aux travaux publics.,non,Capacit√©s techniques et professionnelles de votre entreprise,Les certificats ,Certificat CQP TP (Qualification Professionnelle Travaux Publics),Le Certificat de Qualification Professionnelle Travaux Publics (CQP TP) vise √† certifier les comp√©tences professionnelles des salari√©s dans des m√©tiers sp√©cifiques aux travaux publics.,document,,oui,non,non,non,oui,non,oui,Carte professionnelle des Travaux publics ,https://entreprise.api.gouv.fr/catalogue/fntp/carte_professionnelle_travaux_public,"La carte professionnelle TP atteste que l‚Äôentreprise est enregistr√©e comme soci√©t√© de travaux publics aupr√®s de la FNTP (F√©d√©ration Nationale des Travaux Publics).

Elle certifie son activit√© principale et ses sp√©cialit√©s (terrassement, r√©seaux, voirie, g√©nie civil, etc.)."
capacites_techniques_professionnelles,capacites_techniques_professionnelles_certificats,capacites_techniques_professionnelles_certificats_opqibi,Capacit√©s techniques et professionnelles des candidats,Les certificats de qualification professionnelle ou √©quivalents,Certification OPQIBI,"La certification OPQIBI (Organisme de Qualification de l'Ing√©nierie) qualifie les entreprises d'ing√©nierie selon leurs comp√©tences techniques, leurs r√©f√©rences et leurs moyens, pour garantir leur capacit√© √† r√©aliser des prestations intellectuelles dans le domaine du b√¢timent et des infrastructures.",non,Capacit√©s techniques et professionnelles de votre entreprise,Les certificats ,Certification OPQIBI,"La certification OPQIBI (Organisme de Qualification de l'Ing√©nierie) qualifie les entreprises d'ing√©nierie selon leurs comp√©tences techniques, leurs r√©f√©rences et leurs moyens, pour garantir leur capacit√© √† r√©aliser des prestations intellectuelles dans le domaine du b√¢timent et des infrastructures.
",document,,oui,non,oui,non,oui,non,oui,Certification d'ing√©nierie OPQIBI,https://entreprise.api.gouv.fr/catalogue/opqibi/qualifications_ingenierie,"Cette API d√©livre :

les informations relatives au certificat OPQIBI, notamment les dates de d√©livrance et de validit√© ;
le d√©tail des qualifications, dont notamment le code de la qualification, son libell√© et sa d√©finition, le statut ‚ÄúRGE √âtudes‚Äù initi√© par l‚ÄôADEME s‚Äôil est reconnu, et les dates de validit√©.
l‚ÄôURL pour acc√©der au certificat en ligne."
capacites_techniques_professionnelles,capacites_techniques_professionnelles_realisations,capacites_techniques_professionnelles_realisations_livraisons_trois_ans,Capacit√©s techniques et professionnelles des candidats,Les r√©alisations,Liste des principales r√©alisations au cours des trois derni√®res ann√©es¬†,"Le candidat devra fournir la liste de ses principales livraisons r√©alis√©es au cours des trois derni√®res ann√©es, en pr√©cisant leur montant, leur date et leurs destinataires.",non,Capacit√©s techniques et professionnelles de votre entreprise,Les r√©alisations,Les principales r√©alisations effectu√©es par votre entreprise  au cours des trois derni√®res ann√©es (livraisons effectu√©es ou services fournis).,"D√©crivez les principales livraisons r√©alis√©es ou services fournis au cours des trois derni√®res ann√©es, en pr√©cisant leur date, leur montant et leurs destinataires. Veillez √† s√©lectionner les r√©alisations en lien avec le march√© et qui d√©montrent les capacit√©s techniques et professionnelles de votre entreprise",custom,,non,non,oui,oui,non,non,non,,,
capacites_techniques_professionnelles,capacites_techniques_professionnelles_realisations,capacites_techniques_professionnelles_realisations_attestations_trois_ans,Capacit√©s techniques et professionnelles des candidats,Les r√©alisations,Les attestations ou preuves de livraisons au cours des trois derni√®res ann√©es,Le candidat devra fournir les documents pouvant attester de la bonne r√©alisation des prestations,non,Capacit√©s techniques et professionnelles de votre entreprise,Les r√©alisations,Attestation de bonnes ex√©cution,Joignez les attestations prouvant que votre entreprise a d√©j√† ex√©cut√© des contrats similaires,document,,non,non,oui,oui,non,non,oui,,,
capacites_techniques_professionnelles,capacites_techniques_professionnelles_realisations,capacites_techniques_professionnelles_realisations_livraisons_cinq_ans,Capacit√©s techniques et professionnelles des candidats,Les r√©alisations,Liste des principales r√©alisations au cours des cinq derni√®res ann√©es¬†,"Le candidat doit fournir la liste des principales livraisons r√©alis√©es au cours des cinq derni√®res ann√©es, en pr√©cisant leur montant, leur date et leurs destinataires.",non,Capacit√©s techniques et professionnelles de votre entreprise,Les r√©alisations,Les principaux travaux effectu√©s par votre entreprise au cours des cinq derni√®res ann√©es,"D√©crivez les principaux travaux effectu√©s au cours des trois cinq ann√©es, en pr√©cisant leur date, leur montant et leurs destinataires. Veillez √† s√©lectionner les travaux en lien avec le march√© et qui d√©montrent les capacit√©s techniques et professionnelles de votre entreprise
",custom,,non,non,non,non,oui,non,non,,,
capacites_techniques_professionnelles,capacites_techniques_professionnelles_realisations,capacites_techniques_professionnelles_realisations_attestations_cinq_ans,Capacit√©s techniques et professionnelles des candidats,Les r√©alisations,Les attestations ou preuves de livraisons au cours des cinq derni√®res ann√©es,Le candidat devra fournir les documents pouvant attester de la bonne r√©alisation des prestations,non,Capacit√©s techniques et professionnelles de votre entreprise,Les r√©alisations,Attestation de bonnes ex√©cution,"Joignez les attestations prouvant que votre entreprise a bien ex√©cut√© des contrats similaires. Elles doivent indiquer le montant, la date, le lieu des travaux et confirmer qu‚Äôils ont √©t√© r√©alis√©s dans les r√®gles de l‚Äôart et men√©s √† bonne fin.",document,,non,non,non,non,oui,non,oui,,,
capacites_techniques_professionnelles,capacites_techniques_professionnelles_outillage,capacites_techniques_professionnelles_outillage_materiel_equipements,Capacit√©s techniques et professionnelles des candidats,"Outillage, mat√©riel et √©quipements techniques","Description de l'outillage, du mat√©riel et de l'√©quipement technique","Le candidat devra d√©crire l‚Äôoutillage, le mat√©riel et les √©quipements techniques dont il dispose ou qu‚Äôil mobilisera pour ex√©cuter correctement le march√©",non,Capacit√©s techniques et professionnelles de votre entreprise,"Outillage, mat√©riel","L‚Äôoutillage, le mat√©riel, les √©quipements techniques qui serviront √† la bonne ex√©cution du march√©","Pr√©cisez les moyens techniques que votre entreprise mobilisera pour ex√©cuter le march√© : types d‚Äôoutils, machines, mat√©riel sp√©cialis√© ou √©quipements particuliers. L‚Äôobjectif est de montrer que vous disposez des ressources n√©cessaires et adapt√©es pour garantir la bonne r√©alisation des prestations.",texte,,non,non,oui,oui,oui,non,oui,,,
capacites_techniques_professionnelles,capacites_techniques_professionnelles_outillage,capacites_techniques_professionnelles_outillage_mesures_qualite,Capacit√©s techniques et professionnelles des candidats,"Outillage, mat√©riel et √©quipements techniques",Equipements techniques et mesures de qualit√© employ√©s,"Le candidat devra d√©crire son √©quipement technique, les mesures mises en place pour assurer la qualit√© ainsi que les moyens d‚Äô√©tude et de recherche employ√©s.",non,Capacit√©s techniques et professionnelles de votre entreprise,"Outillage, mat√©riel",Les mesures employ√©es pour assurer la qualit√©,"D√©crivez les √©quipements techniques de votre entreprise ainsi que les moyens mis en place pour garantir leur qualit√©, y compris vos capacit√©s d‚Äô√©tude et de recherche.",texte,,non,non,oui,oui,oui,non,oui,,,
capacites_techniques_professionnelles,capacites_techniques_professionnelles_outillage,capacites_techniques_professionnelles_outillage_echantillons,Capacit√©s techniques et professionnelles des candidats,"Outillage, mat√©riel et √©quipements techniques",Illustration des r√©alisations,"Le candidat devra fournir des √©chantillons, descriptions ou photographies qui illustrent les r√©alisations effectu√©es.",non,Capacit√©s techniques et professionnelles de votre entreprise,"Outillage, mat√©riel","Illustration des r√©alisations : √©chantillons, photographie ou description des fournitures","Ajoutez des √©chantillons, photos ou descriptions pour d√©montrer la conformit√©, la qualit√© des fournitures propos√©es et illustrer vos r√©alisations.",custom,,non,non,oui,oui,oui,non,non,,,
capacites_techniques_professionnelles,capacites_techniques_professionnelles_assurance_qualite,capacites_techniques_professionnelles_assurance_qualite_systemes_gestion,Capacit√©s techniques et professionnelles des candidats,"Dispositif d‚Äôassurance de la qualit√©, s√©curit√© et normes de gestion environnementale",Syst√®mes de gestion et de suivi de la cha√Æne d'approvisionnement¬†,"Le candidat devra d√©crire l‚Äôorganisation, le contr√¥le et le suivi de sa cha√Æne d‚Äôapprovisionnement, notamment la s√©lection des fournisseurs, la tra√ßabilit√©, la gestion des stocks et le respect des d√©lais.",non,Capacit√©s techniques et professionnelles des candidats,"Dispositif d‚Äôassurance de la qualit√©, s√©curit√© et normes de gestion environnementale",Les syst√®mes de gestion et de suivi de la cha√Æne d'approvisionnement,"Expliquez comment votre entreprise organise, contr√¥le et suit sa cha√Æne d‚Äôapprovisionnement : s√©lection des fournisseurs, tra√ßabilit√©, gestion des stocks et respect des d√©lais.",texte,,non,non,oui,oui,oui,non,oui,,,
capacites_techniques_professionnelles,capacites_techniques_professionnelles_assurance_qualite,capacites_techniques_professionnelles_assurance_qualite_gestion_environnementale,Capacit√©s techniques et professionnelles des candidats,"Dispositif d‚Äôassurance de la qualit√©, s√©curit√© et normes de gestion environnementale",Mesures de gestion environnementale,"Le candidat devra pr√©ciser les actions mises en place pour r√©duire l‚Äôimpact environnemental, telles que la gestion des d√©chets, les √©conomies d‚Äô√©nergie, l‚Äôutilisation de mat√©riaux durables ou d‚Äôautres pratiques √©coresponsables.",non,Capacit√©s techniques et professionnelles des candidats,"Dispositif d‚Äôassurance de la qualit√©, s√©curit√© et normes de gestion environnementale",Les mesures de gestion environnementale que vous appliquerez dans le cadre de ce march√©,"Pr√©cisez les actions mises en place pour limiter l‚Äôimpact environnemental : gestion des d√©chets, √©conomies d‚Äô√©nergie, utilisation de mat√©riaux durables ou pratiques √©coresponsables.",texte,,non,non,oui,oui,oui,non,oui,,,
capacites_techniques_professionnelles,capacites_techniques_professionnelles_assurance_qualite,capacites_techniques_professionnelles_assurance_qualite_controle_organisme_officiel,Capacit√©s techniques et professionnelles des candidats,"Dispositif d‚Äôassurance de la qualit√©, s√©curit√© et normes de gestion environnementale ",Contr√¥le des produits ou services complexes ou r√©pondant √† un besoin particulier,"Le candidat devra accepter que, pour des produits ou services complexes ou sp√©cifiques, ses capacit√©s de production, ses moyens techniques, d‚Äô√©tude et de recherche ainsi que ses mesures de contr√¥le qualit√© puissent √™tre v√©rifi√©s par l‚Äôacheteur ou un organisme comp√©tent.",non,Capacit√©s techniques et professionnelles des candidats,"Dispositif d‚Äôassurance de la qualit√©, s√©curit√© et normes de gestion environnementale",Contr√¥le des produits ou services complexes,"Transmettez les attestations ou documents de contr√¥le des produits ou services complexes par un organisme officiel. Sachez que pour des produits ou services complexes ou sp√©cifiques, l‚Äôacheteur (ou un organisme comp√©tent) peut contr√¥ler les capacit√©s de production, les moyens techniques, d‚Äô√©tude et de recherche ainsi que les mesures de contr√¥le qualit√© du fournisseur ou prestataire.",document,,non,non,oui,oui,non,non,oui,,,
,,,Capacit√©s techniques et professionnelles des candidats,"Dispositif d‚Äôassurance de la qualit√©, s√©curit√© et normes de gestion environnementale","Normes d'assurance de qualit√©, y compris en ce qui concerne l'accessibilit√© pour les personnes handicap√©es","Le candidat devra fournir des certificats d√©livr√©s par des organismes ind√©pendants prouvant le respect des normes de qualit√© et d‚Äôaccessibilit√© (ex. acc√®s aux personnes handicap√©es). Un certificat √©quivalent reconnu dans l‚ÄôUE est accept√©. √Ä d√©faut, le candidat peut proposer des mesures √©quivalentes garantissant le m√™me niveau d‚Äôexigence.",non,Capacit√©s techniques et professionnelles des candidats,"Dispositif d‚Äôassurance de la qualit√©, s√©curit√© et normes de gestion environnementale",Conformit√© √† certaines normes d'assurance de qualit√©,"Votre entreprise doit prouver, par des certificats d√©livr√©s par des organismes ind√©pendants, qu‚Äôelle respecte les normes de qualit√© et d‚Äôaccessibilit√© (ex. acc√®s aux personnes handicap√©es). Un certificat √©quivalent reconnu dans l‚ÄôUE est accept√©. Si aucun certificat n‚Äôest disponible pour des raisons ind√©pendantes de l‚Äôentreprise, des mesures √©quivalentes peuvent √™tre fournies, √† condition de garantir le m√™me niveau d‚Äôexigence.",custom,,non,non,oui,oui,oui,non,non,,,
,,,Capacit√©s techniques et professionnelles des candidats,"Dispositif d‚Äôassurance de la qualit√©, s√©curit√© et normes de gestion environnementale",Certifications de qualit√© et de protection de l'environnement,"Le candidat devra fournir des certificats d√©livr√©s par des organismes ind√©pendants et accr√©dit√©s prouvant le respect des standards de qualit√© et de protection de l‚Äôenvironnement. Un certificat √©quivalent reconnu dans l‚ÄôUE est accept√©. √Ä d√©faut, des mesures √©quivalentes peuvent √™tre propos√©es si elles garantissent le m√™me niveau d‚Äôexigence.",non,Capacit√©s techniques et professionnelles des candidats,"Dispositif d‚Äôassurance de la qualit√©, s√©curit√© et normes de gestion environnementale",Contr√¥le de qualit√© et de conformit√© par rapport √† certaines sp√©cifications techniques,"Votre entreprise doit d√©montrer, par des certificats d√©livr√©s par des organismes ind√©pendants et accr√©dit√©s, qu‚Äôelle respecte les standards de qualit√© et de protection de l‚Äôenvironnement. Un certificat √©quivalent reconnu dans l‚ÄôUE est accept√©. Si aucun certificat ne peut √™tre obtenu pour des raisons ind√©pendantes de l‚Äôentreprise, des mesures √©quivalentes peuvent √™tre propos√©es, √† condition de garantir le m√™me niveau d‚Äôexigence",custom,,non,non,oui,oui,oui,oui,non,,,
,,,Capacit√©s techniques et professionnelles des candidats,Securit√© et confidentialit√©,Description des sources d'approvisionnement en cas d'augmentation des besoins,"Le candidat devra d√©crire ses sources d‚Äôapprovisionnement (en pr√©cisant leur localisation si elles sont hors Europe) ainsi que sa capacit√© √† r√©pondre √† une hausse des besoins, √† assurer la maintenance, la modernisation et l‚Äôadaptation des fournitures.",non,Capacit√©s techniques et professionnelles des candidats,Securit√© et confidentialit√©,"Les syst√®mes de gestion, de suivi de la cha√Æne d'approvisionnement","Mon entreprise doit d√©crire ses sources d‚Äôapprovisionnement (et leur localisation si elles sont hors Europe), ainsi que sa capacit√© √† r√©pondre √† une hausse des besoins, √† assurer la maintenance, la modernisation et l‚Äôadaptation des fournitures.",texte,,non,non,non,non,non,oui,non,,,
,,,Capacit√©s techniques et professionnelles des candidats,Securit√© et confidentialit√©,Capacit√© de protection des informations prot√©g√©es ou classifi√©es,"Le candidat devra d√©montrer sa capacit√© √† traiter, stocker et transmettre des informations prot√©g√©es ou classifi√©es li√©es √† la s√©curit√© nationale, conform√©ment au niveau de protection exig√© par l‚Äôacheteur",non,Capacit√©s techniques et professionnelles des candidats,Securit√© et confidentialit√©,"Mesures de s√©curit√© et capacit√© de protection des informations prot√©g√©es ou classifi√©es
","Pour les march√©s impliquant des informations prot√©g√©es ou classifi√©es li√©es √† la s√©curit√© nationale, mon entreprise doit prouver sa capacit√© √† traiter, stocker et transmettre ces donn√©es selon le niveau de protection exig√© par l‚Äôacheteur.",custom,,non,non,non,non,non,oui,non,,,
,,,Capacit√©s techniques et professionnelles des candidats,Securit√© et confidentialit√©,Habilitation pr√©alable relative √† la protection du secret de la d√©fense nationale,"Le candidat et son dirigeant devront, si le contrat implique l‚Äôacc√®s √† des informations classifi√©es, obtenir une habilitation pr√©alable au secret de la d√©fense nationale d√©livr√©e par l‚Äôautorit√© comp√©tente, garantissant leur fiabilit√© et le respect des r√®gles de s√©curit√©.",non,Capacit√©s techniques et professionnelles des candidats,Securit√© et confidentialit√©,Habilitation pr√©alable relative √† la protection du secret de la d√©fense nationale,"Si le contrat donne acc√®s √† des informations classifi√©es, votre entreprise et son dirigeant doivent obtenir une habilitation pr√©alable au secret de la d√©fense nationale. Cette habilitation, d√©livr√©e par l‚Äôautorit√© comp√©tente, garantit la fiabilit√© et le respect des r√®gles de s√©curit√©.",custom,,non,non,non,non,non,oui,non,,,
,,,Capacit√©s techniques et professionnelles des candidats,Securit√© et confidentialit√©,Description des r√®gles internes en mati√®re de prori√©t√© intellectuelle,"Les r√©sultats de certains march√©s peuvent √™tre grev√©s de droits de propri√©t√© intellectuelle, de droits d‚Äôauteur notamment. Le candidat devra d√©tailler ses r√®gles internes en mati√®re de propri√©t√© intellectuelle. ",non,Capacit√©s techniques et professionnelles des candidats,Securit√© et confidentialit√©,Les r√®gles internes en mati√®re de propri√©t√© intellectuelle,"Les r√©sultats de certains march√©s peuvent √™tre grev√©s de droits de propri√©t√© intellectuelle, de droits d‚Äôauteur notamment. Votre entreprise est tenue de d√©crire ses r√®gles internes en mati√®re de propri√©t√© intellectuelle.",texte,,non,non,non,non,non,oui,non,,,